<?xml version="1.0" encoding="UTF-8"?>
<configuration status="WARN">
<appenders>
    <Console name="Console" target="SYSTEM_OUT">
        <PatternLayout pattern="%d{HH:mm:ss.SSS} [%t] %-5level %logger{36} - %msg%n"/>
    </Console>

    <File name="Search" fileName="logs/search.log">
        <PatternLayout pattern="%d{yyyy-MM-dd HH:mm:ss.SSS} [%t] %-5level %logger{36} - %msg%n"/>
        <Filters>
            <MarkerFilter marker="INPUT_HISTORY" />
        </Filters>
    </File>

    <File name="InputErrors" fileName="logs/input_errors.log ">
        <PatternLayout pattern="%d{yyyy-MM-dd HH:mm:ss.SSS} [%t] %-5level %logger{36} - %msg%n"/>
        <Filters>
            <MarkerFilter marker="INVALID_STATIONS" />
        </Filters>
    </File>

    <File name="Exceptions" fileName="logs/exceptions.log">
        <PatternLayout pattern="%d{yyyy-MM-dd HH:mm:ss.SSS} [%t] %-5level %logger{36} - %msg%n"/>
    </File>
</appenders>

<loggers>
    <root level="info">
        <appender-ref ref="Search" />
        <appender-ref ref="InputErrors"/>
        <appender-ref ref="Exceptions"/>
    </root>
</loggers>
</configuration>